0.0000000000000000e+00	7.8841000000000006e-01	6.1490500000000003e-01	-1.7337999999999999e-02	7.8858456434313084e-01	6.1469065552246938e-01	-1.7023010694681893e-02	-6.2925399999999998e-01	7.7502400000000005e-01	5.8122000000000000e-02	-6.1296787217443749e-01	7.8797940886180295e-01	5.7955490609137253e-02	4.9188000000000003e-02	-3.4921000000000001e-02	9.9817900000000004e-01	4.9038480417900494e-02	-3.5268246669777063e-02	9.9817402200976102e-01
2.0000000000000000e-02	7.7538499999999999e-01	6.3094300000000003e-01	-2.6252999999999999e-02	7.7465796252164187e-01	6.3178091656989377e-01	-2.7530248090475249e-02	-6.3099200000000000e-01	7.7358600000000000e-01	5.8424999999999998e-02	-6.2973624533432293e-01	7.7466443935875307e-01	5.7682473119812443e-02	5.7172000000000001e-02	-2.8736999999999999e-02	9.9795100000000003e-01	5.7769389940068777e-02	-2.7347392034584989e-02	9.9795531850622399e-01
4.0000000000000001e-02	7.6617599999999997e-01	6.4141199999999998e-01	-3.9557000000000002e-02	7.6730146072725869e-01	6.4018177512858987e-01	-3.7626628323870079e-02	-6.3671699999999998e-01	7.6906500000000000e-01	5.5947999999999998e-02	-6.3794164346737947e-01	7.6796916506839719e-01	5.7042274098144323e-02	6.6308000000000006e-02	-1.7680000000000001e-02	9.9764299999999995e-01	6.5413514627743030e-02	-1.9765027127644882e-02	9.9766247589387136e-01
5.9999999999999998e-02	7.6484500000000000e-01	6.4219499999999996e-01	-5.0971000000000002e-02	7.6386507031509321e-01	6.4369832948451478e-01	-4.6503924257663372e-02	-6.3840799999999998e-01	7.6779900000000001e-01	5.4031000000000003e-02	-6.4139392156738007e-01	7.6517074433312626e-01	5.5924676066180817e-02	7.3833999999999997e-02	-8.7849999999999994e-03	9.9723200000000001e-01	7.1582062899410839e-02	-1.2891572267746903e-02	9.9735140027752034e-01
8.0000000000000002e-02	7.6481399999999999e-01	6.4232599999999995e-01	-4.9763000000000002e-02	7.6185082361192413e-01	6.4553796944945707e-01	-5.3516843712097729e-02	-6.3840399999999997e-01	7.6764399999999999e-01	5.6243000000000001e-02	-6.4328225121741534e-01	7.6369613630680999e-01	5.4370549553086255e-02	7.4327000000000004e-02	-1.1247000000000000e-02	9.9717100000000003e-01	7.5968860926614798e-02	-6.9958122560828820e-03	9.9708564866835292e-01
1.0000000000000001e-01	7.6702300000000001e-01	6.3870000000000005e-01	-6.1148000000000001e-02	7.5976575414068459e-01	6.4756565356178009e-01	-5.8435632640891376e-02	-6.4235200000000003e-01	7.6467499999999999e-01	5.1541999999999998e-02	-6.4544621127049595e-01	7.6200680121652542e-01	5.2391060843626748e-02	7.9680000000000001e-02	-2.5599999999999999e-04	9.9682099999999996e-01	7.8455001061747784e-02	-2.0878761608306992e-03	9.9691546962695798e-01
1.2000000000000000e-01	7.5355700000000003e-01	6.5454800000000002e-01	-6.0982000000000001e-02	7.5735542660838628e-01	6.5011163652445858e-01	-6.1380924091443530e-02	-6.4680300000000002e-01	7.6109899999999997e-01	4.8730000000000002e-02	-6.4820151437336149e-01	7.5983596796535435e-01	4.9840731838865282e-02	7.8312000000000007e-02	2.7230000000000002e-03	9.9692499999999995e-01	7.9041473612971327e-02	2.0400592254120457e-03	9.9686924097769536e-01
1.4000000000000001e-01	7.5002300000000000e-01	6.5872600000000003e-01	-5.9541999999999998e-02	7.5513390295683436e-01	6.5258430007295987e-01	-6.2502159190410536e-02	-6.4958199999999999e-01	7.5885499999999995e-01	4.6715000000000000e-02	-6.5095207360000995e-01	7.5769544545506629e-01	4.6465146211933241e-02	7.5960000000000000e-02	3.6410000000000001e-03	9.9710399999999999e-01	7.7680026268183766e-02	5.5985029189985491e-03	9.9696262231040567e-01
1.6000000000000000e-01	7.5425299999999995e-01	6.5358899999999998e-01	-6.2641000000000002e-02	7.5359110118244621e-01	6.5444019494526839e-01	-6.1712911603871060e-02	-6.5387399999999996e-01	7.5534000000000001e-01	4.3706000000000002e-02	-6.5314297584588854e-01	7.5606484813391717e-01	4.2073727187094664e-02	7.5881000000000004e-02	7.9939999999999994e-03	9.9708500000000000e-01	7.4193701362078909e-02	8.6009683312941176e-03	9.9720675791029367e-01
1.7999999999999999e-01	7.5473800000000002e-01	6.5324499999999996e-01	-6.0345999999999997e-02	7.5265910294525640e-01	6.5578551167282362e-01	-5.8733614171572746e-02	-6.5504899999999999e-01	7.5472099999999998e-01	3.6153999999999999e-02	-6.5484912602230194e-01	7.5486918523097002e-01	3.6676086712723391e-02	6.9162000000000001e-02	1.2241999999999999e-02	9.9753000000000003e-01	6.8387841766425414e-02	1.0857065383644667e-02	9.9759973297399485e-01
2.0000000000000001e-01	7.5213099999999999e-01	6.5675799999999995e-01	-5.4475000000000003e-02	7.5177506222025314e-01	6.5725488610066718e-01	-5.3387924856969519e-02	-6.5554699999999999e-01	7.5451999999999997e-01	3.0936999999999999e-02	-6.5666124583656560e-01	7.5357029144062448e-01	3.0460204767236865e-02	6.1421000000000003e-02	1.2442000000000000e-02	9.9803399999999998e-01	6.0251672508769956e-02	1.2158558915075413e-02	9.9810916507414393e-01
2.2000000000000000e-01	7.5394200000000000e-01	6.5528200000000003e-01	-4.6656999999999997e-02	7.5036648542293349e-01	6.5942977447002871e-01	-4.5853136168003739e-02	-6.5976100000000004e-01	7.5114800000000004e-01	2.2197000000000001e-02	-6.5912377470445449e-01	7.5166259302073202e-01	2.3647322738548894e-02	4.9591999999999997e-02	1.4047000000000000e-02	9.9867099999999998e-01	5.0059835930475693e-02	1.2478733740105217e-02	9.9866826025004807e-01
2.3999999999999999e-01	7.4077499999999996e-01	6.7087500000000000e-01	-3.4321999999999998e-02	7.4828970056547295e-01	6.6236001094529451e-01	-3.6629768333750021e-02	-6.6234599999999999e-01	7.4902899999999994e-01	1.5906000000000000e-02	-6.6226577288001365e-01	7.4908969844550033e-01	1.6391148662241554e-02	3.6381999999999998e-02	1.0951000000000001e-02	9.9927800000000000e-01	3.8295823522585599e-02	1.1993314111573918e-02	9.9919447071996359e-01
2.6000000000000001e-01	7.5473100000000004e-01	6.5557100000000001e-01	-2.4636999999999999e-02	7.4589961637275548e-01	6.6553934909146295e-01	-2.6289486603733828e-02	-6.6008100000000003e-01	7.5110299999999997e-01	1.1684000000000000e-02	-6.6557012604057819e-01	7.4628304082664065e-01	8.8334759224002000e-03	2.6165000000000001e-02	7.4440000000000001e-03	9.9963000000000002e-01	2.5498423820015052e-02	1.0908610610632931e-02	9.9961534231785409e-01
2.8000000000000003e-01	7.3765199999999997e-01	6.7492099999999999e-01	-1.8734000000000001e-02	7.4377650869150980e-01	6.6825413530466049e-01	-1.5261578125773154e-02	-6.6569199999999995e-01	7.4622699999999997e-01	-5.5000000000000002e-05	-6.6831747544090447e-01	7.4387514668828936e-01	1.2321362637279900e-03	1.3944000000000000e-02	1.2513000000000000e-02	9.9982499999999996e-01	1.2176088820499354e-02	9.2831453557930370e-03	9.9988277616595567e-01
2.9999999999999999e-01	7.4112299999999998e-01	6.7135900000000004e-01	-3.7450000000000001e-03	7.4234588286492087e-01	6.7000585103431409e-01	-3.8405433581450224e-03	-6.6679100000000002e-01	7.4521999999999999e-01	-6.0020000000000004e-03	-6.7001580944473837e-01	7.4232238410586426e-01	-6.0243795944289798e-03	-1.2390000000000001e-03	6.9459999999999999e-03	9.9997499999999995e-01	-1.1854482752389898e-03	7.0453981555549453e-03	9.9997447821292740e-01
3.2000000000000001e-01	7.4390999999999996e-01	6.6821600000000003e-01	9.2370000000000004e-03	7.4160722136587753e-01	6.7079083223105962e-01	7.6412441882652065e-03	-6.6778999999999999e-01	7.4420200000000003e-01	-1.4836000000000000e-02	-6.7068591587927784e-01	7.4163463168799226e-01	-1.2588698192833269e-02	-1.6788000000000001e-02	4.8679999999999999e-03	9.9984700000000004e-01	-1.4111394656678343e-02	4.2109946305368649e-03	9.9989156215314923e-01
3.4000000000000002e-01	7.3988600000000004e-01	6.7252800000000001e-01	1.6589000000000000e-02	7.4107663091095466e-01	6.7116056253282286e-01	1.8679572219237234e-02	-6.7125400000000002e-01	7.4099099999999996e-01	-1.8721999999999999e-02	-6.7090987649636002e-01	7.4131121891076657e-01	-1.8374284657441491e-02	-2.4882999999999999e-02	2.7169999999999998e-03	9.9968699999999999e-01	-2.6179471677401093e-02	1.0844434787222923e-03	9.9965667068500752e-01
3.5999999999999999e-01	7.3894000000000004e-01	6.7302799999999996e-01	3.1654000000000002e-02	7.3997797554498279e-01	6.7202115679014351e-01	2.8638445048327490e-02	-6.6738799999999998e-01	7.4441999999999997e-01	-2.0774000000000001e-02	-6.7160930336653235e-01	7.4052981511688976e-01	-2.3591026990482294e-02	-3.7546000000000003e-02	-5.7749999999999998e-03	9.9927800000000000e-01	-3.7061291664884574e-02	-1.7770057349638076e-03	9.9931141438029614e-01
3.8000000000000000e-01	7.4024199999999996e-01	6.7141600000000001e-01	3.5241000000000001e-02	7.3765345109251168e-01	6.7416922136811119e-01	3.6922175602504562e-02	-6.7025100000000004e-01	7.4157700000000004e-01	-2.8760000000000001e-02	-6.7357699232451906e-01	7.3856694238600662e-01	-2.8511524435563654e-02	-4.5443999999999998e-02	-2.3310000000000002e-03	9.9896399999999996e-01	-4.6491090569722830e-02	-3.8383035966107551e-03	9.9891133036077728e-01
4.0000000000000002e-01	7.3841500000000004e-01	6.7291000000000001e-01	4.3992999999999997e-02	7.3403229322433927e-01	6.7774254471331508e-01	4.3146675298769352e-02	-6.7470399999999997e-01	7.3735499999999998e-01	-3.2906999999999999e-02	-6.7694843101079605e-01	7.3528316915748693e-01	-3.3158451497974521e-02	-5.4581999999999999e-02	-5.3829999999999998e-03	9.9849500000000002e-01	-5.4197917449278488e-02	-4.8686999540079176e-03	9.9851834309887311e-01
4.1999999999999998e-01	7.2656699999999996e-01	6.8535000000000001e-01	4.8945000000000002e-02	7.2986142349306826e-01	6.8196232962086722e-01	4.7219524296118885e-02	-6.7436200000000002e-01	7.3753999999999997e-01	-3.5649000000000000e-02	-6.8096394792422099e-01	7.3137029801582853e-01	-3.7223498058308407e-02	-6.0536000000000000e-02	-7.1060000000000003e-03	9.9814099999999994e-01	-5.9919981009099954e-02	-4.9867984035603542e-03	9.9819072712460677e-01
4.4000000000000000e-01	7.2871200000000003e-01	6.8316699999999997e-01	4.7557000000000002e-02	7.2644230673943744e-01	6.8545654580574755e-01	4.9304145780431567e-02	-6.6948099999999999e-01	7.4158000000000002e-01	-4.3056999999999998e-02	-6.8428358639223619e-01	7.2809998934834341e-01	-4.0328388327843502e-02	-6.4690999999999999e-02	-4.6200000000000001e-04	9.9790500000000004e-01	-6.3541705778677834e-02	-4.4417702546769196e-03	9.9796929927916156e-01
4.6000000000000002e-01	7.1553100000000003e-01	6.9682100000000002e-01	4.9544999999999999e-02	7.2492682503712180e-01	6.8703163390285871e-01	4.9685333433184611e-02	-6.7483000000000004e-01	7.3673200000000005e-01	-4.2786999999999999e-02	-6.8573028813223735e-01	7.2661985131581774e-01	-4.2397684038847645e-02	-6.6342999999999999e-02	-2.8200000000000000e-03	9.9779300000000004e-01	-6.5230899730704062e-02	-3.3355195318750847e-03	9.9786462209549009e-01
4.7999999999999998e-01	7.2858299999999998e-01	6.8323699999999998e-01	4.8515999999999997e-02	7.2561835324355828e-01	6.8637829768318959e-01	4.8609031111856479e-02	-6.7501900000000004e-01	7.3669499999999999e-01	-4.0374000000000000e-02	-6.8498129889526549e-01	7.2724310301388484e-01	-4.3795996192471667e-02	-6.3329999999999997e-02	-3.3340000000000002e-03	9.9798699999999996e-01	-6.5411203932213127e-02	-1.5170986331973877e-03	9.9785724069722292e-01
5.0000000000000000e-01	7.2707100000000002e-01	6.8488199999999999e-01	4.7996999999999998e-02	7.2780067469837728e-01	6.8423114301456500e-01	4.6194381017267791e-02	-6.7326399999999997e-01	7.3821000000000003e-01	-4.1964000000000001e-02	-6.8274296263771606e-01	7.2926404715102433e-01	-4.5122017924541909e-02	-6.4179000000000000e-02	-1.8040000000000000e-03	9.9793699999999996e-01	-6.4561791155922171e-02	1.3009465362889957e-03	9.9791286326053974e-01
5.2000000000000002e-01	7.3660999999999999e-01	6.7512499999999998e-01	4.0155999999999997e-02	7.3021204308676346e-01	6.8189951132765880e-01	4.2466793876566343e-02	-6.7082799999999998e-01	7.3996099999999998e-01	-4.9466999999999997e-02	-6.8030701600336452e-01	7.3142635368238340e-01	-4.6881266146414906e-02	-6.3109999999999999e-02	9.4999999999999998e-03	9.9796099999999999e-01	-6.3029644673380528e-02	5.3428073138711389e-03	9.9799735385538690e-01
5.4000000000000004e-01	7.2695900000000002e-01	6.8560399999999999e-01	3.8427000000000003e-02	7.3177401946008458e-01	6.8051492370698619e-01	3.7499640735696976e-02	-6.7127800000000004e-01	7.3960999999999999e-01	-4.8608999999999999e-02	-6.7880818245359920e-01	7.3265693664932596e-01	-4.9328132071533436e-02	-6.1756999999999999e-02	9.5429999999999994e-03	9.9804599999999999e-01	-6.1042901940133745e-02	1.0641982507982524e-02	9.9807840991127894e-01
5.6000000000000005e-01	7.3413799999999996e-01	6.7813199999999996e-01	3.4321999999999998e-02	7.3206768170347059e-01	6.8049869853598266e-01	3.1597953986610347e-02	-6.7139599999999999e-01	7.3923799999999995e-01	-5.2495000000000000e-02	-6.7868067833706469e-01	7.3255160770920058e-01	-5.2542163017974146e-02	-6.0971999999999998e-02	1.5495000000000000e-02	9.9801899999999999e-01	-5.8902005545209593e-02	1.7019498626558091e-02	9.9811867551371503e-01
5.7999999999999996e-01	7.3313600000000001e-01	6.7961600000000000e-01	2.5194000000000001e-02	7.3133731840566096e-01	6.8154301711883103e-01	2.5393749699039535e-02	-6.7323699999999997e-01	7.3738499999999996e-01	-5.4918000000000002e-02	-6.7961950976431607e-01	7.3138079610911422e-01	-5.6563707715357570e-02	-5.5900999999999999e-02	2.3300999999999999e-02	9.9816400000000005e-01	-5.7123100886831625e-02	2.4109062598092205e-02	9.9807600133743013e-01
5.9999999999999998e-01	7.2699199999999997e-01	6.8643600000000005e-01	1.6945000000000002e-02	7.3013953118024899e-01	6.8301298715313385e-01	1.9736372210696154e-02	-6.7470900000000000e-01	7.3549500000000001e-01	-6.1761999999999997e-02	-6.8097099436127539e-01	7.2973110958527021e-01	-6.1408570591293468e-02	-5.4864000000000003e-02	3.3470000000000000e-02	9.9793299999999996e-01	-5.6345096028862639e-02	3.1396927932574231e-02	9.9791756326356673e-01
6.2000000000000000e-01	7.3202400000000001e-01	6.8110499999999996e-01	1.5406000000000000e-02	7.2891669160460326e-01	6.8442900872538792e-01	1.5407424034625482e-02	-6.7213199999999995e-01	7.3758000000000001e-01	-6.4922999999999995e-02	-6.8222049830787568e-01	7.2807235744905652e-01	-6.6976369020180448e-02	-5.5585000000000002e-02	3.7171999999999997e-02	9.9776200000000004e-01	-5.7058289395614893e-02	3.8308932819336027e-02	9.9763559342952979e-01
6.4000000000000001e-01	7.1952499999999997e-01	6.9437899999999997e-01	1.1022000000000001e-02	7.2776319777646004e-01	6.8570824428482002e-01	1.2842573029208538e-02	-6.7244400000000004e-01	7.3634100000000002e-01	-7.4979000000000004e-02	-6.8325108672809276e-01	7.2652297733657434e-01	-7.3022708022093513e-02	-6.0200999999999998e-02	4.6553999999999998e-02	9.9709999999999999e-01	-5.9402697304595770e-02	4.4368537521863906e-02	9.9724758833055582e-01
6.6000000000000003e-01	7.3441299999999998e-01	6.7854700000000001e-01	1.4531000000000001e-02	7.2651399910168213e-01	6.8704615027079952e-01	1.2041449553718166e-02	-6.7334499999999997e-01	7.3501200000000000e-01	-7.9770999999999995e-02	-6.8423790792519790e-01	7.2493430652146595e-01	-7.9301554753924128e-02	-6.4809000000000005e-02	4.8800999999999997e-02	9.9670400000000003e-01	-6.3213087785910504e-02	4.9374473428231515e-02	9.9677794262626807e-01
6.8000000000000005e-01	7.2644200000000003e-01	6.8713599999999997e-01	1.1180000000000001e-02	7.2506142759352699e-01	6.8856726477792807e-01	1.2690472500237160e-02	-6.7124600000000001e-01	7.3628099999999996e-01	-8.5552000000000003e-02	-6.8529477668841932e-01	7.2319642268397444e-01	-8.5778804262307301e-02	-6.7027000000000003e-02	5.4651999999999999e-02	9.9625300000000006e-01	-6.8242180941159081e-02	5.3498187757573701e-02	9.9623338061272027e-01
7.0000000000000007e-01	7.2122799999999998e-01	6.9250100000000003e-01	1.6500000000000001e-02	7.2362630796653404e-01	6.9004236580323597e-01	1.4370101439992164e-02	-6.7285300000000003e-01	7.3397000000000001e-01	-9.2508000000000007e-02	-6.8617617864818514e-01	7.2150273910709362e-01	-9.2714881851485464e-02	-7.6189999999999994e-02	5.5629999999999999e-02	9.9553999999999998e-01	-7.4345263968167694e-02	5.7230506354863257e-02	9.9558899696002545e-01
7.1999999999999997e-01	7.1887000000000001e-01	6.9501700000000000e-01	1.3328000000000000e-02	7.2272679247941796e-01	6.9093169258720966e-01	1.6714652583458649e-02	-6.7314700000000005e-01	7.3290200000000005e-01	-9.8627999999999993e-02	-6.8631185379300141e-01	7.2032630097557881e-01	-1.0052889866129608e-01	-7.8339000000000006e-02	6.1947000000000002e-02	9.9500000000000000e-01	-8.1498605973512064e-02	6.1183464280907492e-02	9.9479372782650821e-01
7.3999999999999999e-01	7.2602500000000003e-01	6.8737800000000004e-01	1.9984999999999999e-02	7.2282279006685124e-01	6.9075831982674485e-01	1.9497634474601722e-02	-6.7264000000000002e-01	7.3170900000000005e-01	-1.1026100000000000e-01	-6.8518499254644316e-01	7.2008305074188039e-01	-1.0955330220215810e-01	-9.0421000000000001e-02	6.6614000000000007e-02	9.9367300000000003e-01	-8.9714771075355623e-02	6.5828137026647582e-02	9.9378967403897767e-01
7.6000000000000001e-01	7.2395399999999999e-01	6.8924200000000002e-01	2.8919000000000000e-02	7.2389412216421323e-01	6.8953864562703682e-01	2.2666188098900759e-02	-6.7571899999999996e-01	7.2771200000000003e-01	-1.1763700000000001e-01	-6.8277285313066860e-01	7.2073136526258064e-01	-1.1986463262590411e-01	-1.0212900000000000e-01	6.5626000000000004e-02	9.9260400000000004e-01	-9.8987529133267457e-02	7.1293445095381894e-02	9.9253146739159981e-01
7.8000000000000003e-01	7.1812500000000001e-01	6.9558699999999996e-01	2.1309000000000002e-02	7.2529382444680124e-01	6.8793643815097072e-01	2.6312074860952848e-02	-6.7041899999999999e-01	7.3028199999999999e-01	-1.3125200000000001e-01	-6.7970670079826356e-01	7.2163865210929845e-01	-1.3128768667249427e-01	-1.0688900000000000e-01	7.9991999999999994e-02	9.9104800000000004e-01	-1.0930539377941334e-01	7.7337654774571510e-02	9.9099506459149267e-01
8.0000000000000004e-01	7.3185800000000001e-01	6.8089999999999995e-01	2.7549000000000001e-02	7.2601670827366993e-01	6.8699763681020076e-01	3.0561189843722331e-02	-6.6988199999999998e-01	7.2782400000000003e-01	-1.4673200000000000e-01	-6.7700719569636858e-01	7.2184404195541485e-01	-1.4353548714101313e-01	-1.1996100000000000e-01	8.8932999999999998e-02	9.8878699999999997e-01	-1.2066895326803632e-01	8.3519016461333265e-02	9.8917317877433786e-01
8.2000000000000006e-01	7.3326899999999995e-01	6.7863200000000001e-01	4.2129000000000000e-02	7.2522147643551249e-01	6.8760337866266141e-01	3.5431677470702166e-02	-6.6782799999999998e-01	7.2864799999999996e-01	-1.5191499999999999e-01	-6.7553623739996016e-01	7.2055235937128115e-01	-1.5638123085583058e-01	-1.3379099999999999e-01	8.3260000000000001e-02	9.8750599999999999e-01	-1.3305864149389149e-01	8.9475645044741120e-02	9.8706104515760706e-01
8.3999999999999997e-01	7.1250800000000003e-01	7.0077800000000001e-01	3.5256000000000003e-02	7.2270031846401606e-01	6.8995876619990937e-01	4.0757215752655250e-02	-6.6683400000000004e-01	7.2522200000000003e-01	-1.7142199999999999e-01	-6.7548347741271053e-01	7.1756650478987483e-01	-1.6976567069367943e-01	-1.4574999999999999e-01	9.8666000000000004e-02	9.8438899999999996e-01	-1.4637732554751084e-01	9.5158878448315734e-02	9.8464128819485164e-01
8.5999999999999999e-01	7.2250499999999995e-01	6.8967800000000001e-01	4.8280999999999998e-02	7.1905155084938421e-01	6.9341765197251837e-01	4.6225827780743627e-02	-6.6474599999999995e-01	7.2421199999999997e-01	-1.8338199999999999e-01	-6.7618885577412569e-01	7.1343742197059412e-01	-1.8378159934778926e-01	-1.6144900000000001e-01	1.0040499999999999e-01	9.8175999999999997e-01	-1.6041664049584853e-01	1.0089105443433520e-01	9.8187957336282017e-01
8.8000000000000000e-01	7.2081600000000001e-01	6.9120000000000004e-01	5.1638999999999997e-02	7.1545018676725558e-01	6.9676351004088100e-01	5.1494090245485860e-02	-6.5962900000000002e-01	7.2530099999999997e-01	-1.9704900000000000e-01	-6.7642975218273349e-01	7.0924375019528518e-01	-1.9853486638606677e-01	-1.7367500000000000e-01	1.0798700000000000e-01	9.7886499999999999e-01	-1.7485371204725605e-01	1.0720967253209429e-01	9.7874014196765025e-01
9.0000000000000002e-01	7.0529200000000003e-01	7.0678600000000003e-01	5.4931000000000001e-02	7.1307014999947027e-01	6.9882946509681088e-01	5.6288008423092832e-02	-6.6187700000000005e-01	7.1914699999999998e-01	-2.1153400000000000e-01	-6.7506355148805386e-01	7.0605338619328273e-01	-2.1395751283218586e-01	-1.8909699999999999e-01	1.1288600000000000e-01	9.7544799999999998e-01	-1.8926215319516118e-01	1.1456873289647783e-01	9.7521989459322811e-01
9.2000000000000004e-01	7.0887299999999998e-01	7.0265800000000000e-01	6.1402999999999999e-02	7.1242573246069230e-01	6.9914138766605616e-01	6.0422642943085234e-02	-6.5596399999999999e-01	7.2050300000000000e-01	-2.2491600000000000e-01	-6.7169902598984355e-01	7.0431366063346523e-01	-2.2970129718698540e-01	-2.0235600000000001e-01	1.1920400000000000e-01	9.7202999999999995e-01	-2.0315017650039530e-01	1.2305928448300679e-01	9.7138376468334531e-01
9.4000000000000006e-01	7.1718199999999999e-01	6.9381999999999999e-01	6.5300999999999998e-02	7.1306857457457307e-01	6.9819049975932213e-01	6.3743501629690891e-02	-6.5010100000000004e-01	7.1803499999999998e-01	-2.4858400000000000e-01	-6.6697695475983043e-01	7.0357608033118213e-01	-2.4519877855550820e-01	-2.1938800000000000e-01	1.3584399999999999e-01	9.6613400000000005e-01	-2.1604386076324789e-01	1.3232809690930311e-01	9.6737496607823825e-01
9.5999999999999996e-01	7.1334399999999998e-01	6.9795600000000002e-01	6.3222000000000000e-02	7.1393793931011285e-01	6.9708486415663284e-01	6.6070500053792128e-02	-6.5004799999999996e-01	7.1523000000000003e-01	-2.5667699999999999e-01	-6.6219837968054773e-01	7.0283567828176374e-01	-2.5983709373888525e-01	-2.2440900000000000e-01	1.4202799999999999e-01	9.6409000000000000e-01	-2.2756520991154747e-01	1.4175578117996368e-01	9.6338952337046502e-01
9.7999999999999998e-01	7.1624900000000002e-01	6.9436399999999998e-01	6.9614999999999996e-02	7.1417303564581791e-01	6.9673362250405346e-01	6.7224507650236104e-02	-6.4635900000000002e-01	7.1260599999999996e-01	-2.7278700000000000e-01	-6.5848170354693092e-01	7.0131055426851774e-01	-2.7306657167349568e-01	-2.3904100000000000e-01	1.5039900000000000e-01	9.5929100000000000e-01	-2.3739991838745267e-01	1.5075067410782553e-01	9.5964343013729159e-01
1.0000000000000000e+00	7.2083900000000001e-01	6.8977599999999994e-01	6.7817000000000002e-02	7.1376621822679842e-01	6.9716167833029319e-01	6.7107227523590982e-02	-6.4670000000000005e-01	7.0791099999999996e-01	-2.8397400000000000e-01	-6.5608716758881791e-01	6.9908100884567170e-01	-2.8431561968453367e-01	-2.4388799999999999e-01	1.6084300000000001e-01	9.5637200000000000e-01	-2.4512734291281491e-01	1.5890669381434713e-01	9.5637923880513886e-01
1.0200000000000000e+00	7.0766600000000002e-01	7.0354499999999998e-01	6.5065999999999999e-02	7.1351738887026672e-01	6.9754840781892480e-01	6.5720274870390449e-02	-6.4281100000000002e-01	7.1049899999999999e-01	-2.8633100000000000e-01	-6.5449780726731743e-01	6.9706735701570610e-01	-2.9279637987074159e-01	-2.4776200000000001e-01	1.6085700000000000e-01	9.5537399999999995e-01	-2.5005110690022964e-01	1.6590153264036231e-01	9.5391358382483926e-01
1.0400000000000000e+00	7.0369499999999996e-01	7.0809500000000003e-01	5.8430999999999997e-02	7.1432843856590555e-01	6.9696215487172053e-01	6.3076434050787569e-02	-6.4131400000000005e-01	7.0649600000000001e-01	-2.9929899999999998e-01	-6.5316066428309860e-01	6.9635457755784791e-01	-2.9744150508544176e-01	-2.5333899999999998e-01	1.7322799999999999e-01	9.5174099999999995e-01	-2.5122903591992884e-01	1.7127188032715496e-01	9.5265414213131083e-01
1.0600000000000001e+00	7.2546500000000003e-01	6.8516200000000005e-01	6.5218999999999999e-02	7.1647046705042094e-01	6.9510880281054832e-01	5.9108561984181594e-02	-6.4044599999999996e-01	7.0739399999999997e-01	-2.9903700000000000e-01	-6.5214192269732163e-01	6.9744825396070764e-01	-2.9711419640905945e-01	-2.5102400000000002e-01	1.7517099999999999e-01	9.5199900000000004e-01	-2.4775185671391517e-01	1.7432637580827137e-01	9.5301066740743323e-01
1.0800000000000001e+00	7.1984999999999999e-01	6.9206299999999998e-01	5.3518000000000003e-02	7.1947489611737703e-01	6.9243661835587067e-01	5.3734564451345626e-02	-6.3944299999999998e-01	7.1150100000000005e-01	-2.9134100000000002e-01	-6.5206289747456414e-01	7.0010501128445013e-01	-2.9097585967134132e-01	-2.3973700000000001e-01	1.7552400000000001e-01	9.5483899999999999e-01	-2.3910217814559029e-01	1.7431151061902464e-01	9.5522020794775286e-01
1.1000000000000001e+00	7.2077400000000003e-01	6.9174300000000000e-01	4.4456000000000002e-02	7.2266126541930031e-01	6.8959724164914105e-01	4.7078017932698453e-02	-6.4468099999999995e-01	7.1216999999999997e-01	-2.7784999999999999e-01	-6.5342940034165675e-01	7.0379019226322415e-01	-2.7876402932092398e-01	-2.2388800000000000e-01	1.7162800000000000e-01	9.5938400000000001e-01	-2.2536795298293488e-01	1.7068980515540499e-01	9.5920502301869326e-01
1.1200000000000001e+00	7.3176200000000002e-01	6.8019399999999997e-01	4.3138999999999997e-02	7.2569703062428792e-01	6.8687239296995717e-01	3.9624935568606912e-02	-6.5000100000000005e-01	7.1455299999999999e-01	-2.5867600000000002e-01	-6.5606533821580915e-01	7.0819611762233026e-01	-2.6083813175307535e-01	-2.0677499999999999e-01	1.6124900000000000e-01	9.6500900000000001e-01	-2.0722473726577020e-01	1.6329291093119577e-01	9.6456898846311090e-01
1.1400000000000001e+00	7.2103600000000001e-01	6.9220099999999996e-01	3.1057000000000001e-02	7.2863256813503241e-01	6.8415127458518454e-01	3.2118750542551394e-02	-6.4936400000000005e-01	7.2114999999999996e-01	-2.4138699999999999e-01	-6.5923428182112365e-01	7.1327008339995945e-01	-2.3802510329459331e-01	-1.8953800000000001e-01	1.5392400000000001e-01	9.6973299999999996e-01	-1.8575452168045439e-01	1.5225906084723523e-01	9.7072778679977190e-01
1.1599999999999999e+00	7.2727600000000003e-01	6.8601699999999999e-01	2.1207000000000000e-02	7.3144424696881882e-01	6.8143349391974195e-01	2.5252860046946390e-02	-6.5394600000000003e-01	7.2683299999999995e-01	-2.0992700000000000e-01	-6.6233252844597779e-01	7.1877461603241855e-01	-2.1137330273666843e-01	-1.5945500000000001e-01	1.3883000000000001e-01	9.7739500000000001e-01	-1.6218796298916760e-01	1.3788199560414818e-01	9.7707912675977371e-01
1.1799999999999999e+00	7.4092000000000002e-01	6.7122999999999999e-01	2.2086000000000001e-02	7.3362371849508201e-01	6.7927921982435979e-01	1.9390234043403443e-02	-6.6193299999999999e-01	7.2802100000000003e-01	-1.7840800000000001e-01	-6.6547692249910739e-01	7.2391013220910017e-01	-1.8191917465215257e-01	-1.3583400000000001e-01	1.1756900000000001e-01	9.8373100000000002e-01	-1.3761070191873120e-01	1.2055646809612686e-01	9.8312228777381583e-01
1.2000000000000000e+00	7.3741900000000005e-01	6.7530599999999996e-01	1.3219000000000000e-02	7.3429234110558095e-01	6.7867887694061702e-01	1.4482395806905080e-02	-6.6131300000000004e-01	7.3411899999999997e-01	-1.5406300000000001e-01	-6.6941076140811739e-01	7.2747740276203077e-01	-1.5055185479300523e-01	-1.1374600000000000e-01	1.0486900000000000e-01	9.8795999999999995e-01	-1.1271197941962270e-01	1.0085440230962923e-01	9.8849602893996380e-01
1.2200000000000000e+00	7.2840000000000005e-01	6.8511599999999995e-01	7.0699999999999999e-03	7.3279827846787771e-01	6.8036910258784311e-01	1.0225816267052622e-02	-6.6698199999999996e-01	7.3609199999999997e-01	-1.1533900000000000e-01	-6.7476489814979568e-01	7.2853596605434567e-01	-1.1801558536971650e-01	-8.4237999999999993e-02	7.9310000000000005e-02	9.9328399999999994e-01	-8.7744032842184447e-02	7.9581595919370848e-02	9.9295908993851079e-01
1.2400000000000000e+00	7.2893900000000000e-01	6.8449899999999997e-01	1.0468999999999999e-02	7.2931689993192217e-01	6.8414633086239118e-01	6.3763187826634832e-03	-6.6336200000000001e-01	7.4319199999999996e-01	-8.7268999999999999e-02	-6.8128789767358910e-01	7.2706208706765463e-01	-8.5014834189849842e-02	-6.7535999999999999e-02	5.6686000000000000e-02	9.9610500000000002e-01	-6.2798566521792332e-02	5.7658646501230246e-02	9.9635928285255337e-01
1.2600000000000000e+00	7.3646400000000001e-01	6.7640999999999996e-01	9.4719999999999995e-03	7.2496312331839796e-01	6.8878106577349052e-01	3.0188177102958469e-03	-6.6504399999999997e-01	7.4512699999999998e-01	-5.0016999999999999e-02	-6.8772594865304770e-01	7.2408193210550498e-01	-5.2329486407041513e-02	-4.0892999999999999e-02	3.0539000000000000e-02	9.9869699999999995e-01	-3.8229430779166768e-02	3.5860828633672626e-02	9.9862531091095785e-01
1.2800000000000000e+00	7.0742899999999997e-01	7.0675600000000005e-01	-6.3600000000000002e-03	7.2124525182394228e-01	6.9267956290273569e-01	5.5664916533017218e-04	-6.6832599999999998e-01	7.4352600000000002e-01	-2.2563000000000000e-02	-6.9252108501651943e-01	7.2109697411953544e-01	-2.0825482544060907e-02	-1.1233000000000000e-02	2.0240999999999999e-02	9.9973199999999995e-01	-1.4826784174624408e-02	1.4634789117898330e-02	9.9978297115849790e-01
1.3000000000000000e+00	7.1841100000000002e-01	6.9561799999999996e-01	-7.8500000000000000e-04	7.1915925486016385e-01	6.9484500586304543e-01	-6.1965809791952810e-04	-6.6739199999999999e-01	7.4461299999999997e-01	1.1816999999999999e-02	-6.9481489476705482e-01	7.1913585839775718e-01	8.7108654201296723e-03	8.8109999999999994e-03	-7.9710000000000007e-03	9.9992899999999996e-01	6.4983196920826835e-03	-5.8339518086301129e-03	9.9996186769670081e-01
1.3200000000000001e+00	7.1754600000000002e-01	6.9650500000000004e-01	-3.0850000000000001e-03	7.1858777649182504e-01	6.9543606993063845e-01	-5.2925982562857616e-04	-6.6525999999999996e-01	7.4575700000000000e-01	3.5709999999999999e-02	-6.9497609475097610e-01	7.1813975380666739e-01	3.5826271466364162e-02	2.7196999999999999e-02	-2.3591999999999998e-02	9.9935200000000002e-01	2.5294963949713128e-02	-2.5376497826283210e-02	9.9935789292768162e-01
1.3400000000000001e+00	7.2194199999999997e-01	6.9195300000000004e-01	-9.0399999999999996e-04	7.1852150343086940e-01	6.9550469033516138e-01	2.7354932733331008e-04	-6.6461999999999999e-01	7.4474600000000002e-01	6.0271999999999999e-02	-6.9424171351608766e-01	7.1719292664479994e-01	6.0520650896308190e-02	4.2404999999999998e-02	-4.2938999999999998e-02	9.9817699999999998e-01	4.1896208917867335e-02	-4.3675298424369201e-02	9.9816690787956519e-01
1.3600000000000001e+00	7.2665199999999996e-01	6.8696599999999997e-01	7.4079999999999997e-03	7.1792843698285569e-01	6.9611626682084549e-01	9.4996776961279907e-04	-6.6295800000000005e-01	7.4392400000000003e-01	8.4043999999999994e-02	-6.9376411572817565e-01	7.1538914568465173e-01	8.3124737379955238e-02	5.2248000000000003e-02	-6.6011000000000000e-02	9.9644999999999995e-01	5.7184885234266368e-02	-6.0336666331457310e-02	9.9653869749084512e-01
1.3800000000000001e+00	7.0699800000000002e-01	7.0721500000000004e-01	-9.6699999999999998e-04	7.1651780530759601e-01	6.9756836446477799e-01	7.8203268525130437e-04	-6.6663200000000000e-01	7.3867700000000003e-01	9.9793999999999994e-02	-6.9384069956730854e-01	7.1257223235183031e-01	1.0404757231707595e-01	7.1383000000000002e-02	-7.0000000000000007e-02	9.9499000000000004e-01	7.2023040071451744e-02	-7.5094544269633898e-02	9.9457201404413242e-01
1.4000000000000001e+00	7.2051399999999999e-01	6.9343800000000000e-01	1.8350000000000000e-03	7.1479271434301928e-01	6.9933613891981850e-01	-5.8337197315677897e-04	-6.6200000000000003e-01	7.3831400000000003e-01	1.2903000000000001e-01	-6.9392426587043443e-01	7.0936431503001252e-01	1.2357743239839492e-01	8.8174000000000002e-02	-9.4241000000000005e-02	9.9163699999999999e-01	8.6835987691264452e-02	-8.7927432367387481e-02	9.9233476099497853e-01
1.4199999999999999e+00	7.0606700000000000e-01	7.0806800000000003e-01	-1.0485000000000000e-02	7.1348826002931598e-01	7.0066012755143392e-01	-3.1445921750759033e-03	-6.5892899999999999e-01	7.3951000000000000e-01	1.3761100000000001e-01	-6.9326024767731420e-01	7.0658952793183682e-01	1.4185016040686405e-01	1.0536200000000000e-01	-9.0399999999999994e-02	9.9031700000000000e-01	1.0161068738438975e-01	-9.9028403383435534e-02	9.8988314640294761e-01
1.4399999999999999e+00	7.1418199999999998e-01	6.9996000000000003e-01	-7.9299999999999998e-04	7.1302922148284775e-01	7.0110263730828215e-01	-6.6649284268869699e-03	-6.5824099999999997e-01	7.3570400000000002e-01	1.5955900000000001e-01	-6.9144620779626786e-01	7.0471977114333451e-01	1.5897228023730042e-01	1.1237999999999999e-01	-1.1354599999999999e-01	9.8715600000000003e-01	1.1615279176896509e-01	-1.0874344172895088e-01	9.8726054962467613e-01
1.4600000000000000e+00	7.1671600000000002e-01	6.9729399999999997e-01	-9.9679999999999994e-03	7.1347018324984890e-01	7.0060236616226212e-01	-1.0799173175129097e-02	-6.5989399999999998e-01	7.3058900000000004e-01	1.7544199999999999e-01	-6.8846200441390959e-01	7.0380657559493376e-01	1.7514671743345528e-01	1.2969600000000001e-01	-1.1923599999999999e-01	9.8435899999999998e-01	1.3030873375107621e-01	-1.1752714017269456e-01	9.8448311576736502e-01
1.4800000000000000e+00	7.2000500000000001e-01	6.9378300000000004e-01	-1.6091999999999999e-02	7.1473649674986484e-01	6.9922684168766269e-01	-1.5282803317019337e-02	-6.4927299999999999e-01	7.3632699999999995e-01	1.9043900000000000e-01	-6.8439867171525604e-01	7.0374598152174617e-01	1.9063066816854851e-01	1.4408899999999999e-01	-1.2677200000000000e-01	9.8141100000000003e-01	1.4404929145304260e-01	-1.2579116564962078e-01	9.8154285911333794e-01
1.5000000000000000e+00	7.0760599999999996e-01	7.0611800000000002e-01	-2.6277999999999999e-02	7.1669500045286982e-01	6.9709465739523158e-01	-2.0182045408864417e-02	-6.5285899999999997e-01	7.3031100000000004e-01	2.0105000000000001e-01	-6.7937152672380152e-01	7.0442388984177251e-01	2.0552691331588968e-01	1.6134499999999999e-01	-1.2525500000000001e-01	9.7891700000000004e-01	1.5748842815531516e-01	-1.3358900423017922e-01	9.7844334171476544e-01
1.5200000000000000e+00	7.1477400000000002e-01	6.9889400000000002e-01	-2.5416999999999999e-02	7.1898631803752000e-01	6.9453824606186010e-01	-2.5986520201156799e-02	-6.5344300000000000e-01	7.2524400000000000e-01	2.1687200000000001e-01	-6.7369402622277297e-01	7.0562526506039647e-01	2.1961180373603503e-01	1.7010400000000001e-01	-1.3848700000000000e-01	9.7564600000000001e-01	1.7086554218624586e-01	-1.4039091874391357e-01	9.7524117859514126e-01
1.5400000000000000e+00	7.2460899999999995e-01	6.8866000000000005e-01	-2.6239999999999999e-02	7.2099963638068121e-01	6.9213289595231575e-01	-3.3340346122773500e-02	-6.4764400000000000e-01	7.2440700000000002e-01	2.3620400000000000e-01	-6.6794113151497392e-01	7.0699414884108369e-01	2.3240894633160647e-01	1.8172199999999999e-01	-1.5420300000000001e-01	9.7118400000000005e-01	1.8442930669885849e-01	-1.4529737728235934e-01	9.7204655391881611e-01
1.5600000000000001e+00	7.3361799999999999e-01	6.7819399999999996e-01	-4.3088000000000001e-02	7.2217645467671521e-01	6.9039792597096228e-01	-4.2566091264807544e-02	-6.4424000000000003e-01	7.2528099999999995e-01	2.4273800000000001e-01	-6.6268968874695866e-01	7.0820512688408865e-01	2.4349101561156419e-01	1.9588200000000000e-01	-1.5032400000000001e-01	9.6903700000000004e-01	1.9825121623593986e-01	-1.4763536862854221e-01	9.6896865439026725e-01
1.5800000000000001e+00	7.1940700000000002e-01	6.9253900000000002e-01	-5.3329000000000001e-02	7.2229005688450720e-01	6.8952486151316261e-01	-5.3409166638596461e-02	-6.4437900000000004e-01	7.2155899999999995e-01	2.5323600000000002e-01	-6.5824738554265927e-01	7.0910376251369911e-01	2.5274934899059454e-01	2.1391099999999999e-01	-1.4785300000000001e-01	9.6559899999999999e-01	2.1214960087643159e-01	-1.4740189735607034e-01	9.6605653432074123e-01
1.6000000000000001e+00	7.0944700000000005e-01	7.0127700000000004e-01	-6.9966000000000000e-02	7.2131245661655019e-01	6.8953219130892451e-01	-6.5220373185917654e-02	-6.4063700000000001e-01	7.2430899999999998e-01	2.5487300000000002e-01	-6.5475846701039186e-01	7.0956615528693667e-01	2.6039819728545904e-01	2.2955900000000001e-01	-1.3608300000000001e-01	9.6373399999999998e-01	2.2583110903504697e-01	-1.4512487181743841e-01	9.6329594713772826e-01
1.6200000000000001e+00	7.1504500000000004e-01	6.9477800000000001e-01	-7.7424999999999994e-02	7.1907576197712453e-01	6.9061588741824964e-01	-7.7328808231610313e-02	-6.4015500000000003e-01	7.2138899999999995e-01	2.6419500000000001e-01	-6.5251019145112887e-01	7.0927020086373016e-01	2.6676999872387219e-01	2.3947399999999999e-01	-1.3938400000000001e-01	9.6084599999999998e-01	2.3908261875223946e-01	-1.4137000464110924e-01	9.6065291505222850e-01
1.6400000000000001e+00	7.3341900000000004e-01	6.7467100000000002e-01	-8.3165000000000003e-02	7.1532387655471441e-01	6.9307681091704942e-01	-8.9198014550708582e-02	-6.3839000000000001e-01	7.1913099999999996e-01	2.7442600000000000e-01	-6.5186765753916465e-01	7.0781685664475891e-01	2.7214675177913783e-01	2.4495800000000001e-01	-1.4818000000000001e-01	9.5814299999999997e-01	2.5175446110275468e-01	-1.3652776867211175e-01	9.5811265501311282e-01
1.6600000000000001e+00	7.1232300000000004e-01	6.9425700000000001e-01	-1.0297600000000000e-01	7.1027520154145241e-01	6.9674341171137821e-01	-1.0028836578605678e-01	-6.3556999999999997e-01	7.2139200000000003e-01	2.7503400000000000e-01	-6.5272497166674748e-01	7.0523699060864464e-01	2.7675060693683345e-01	2.6528200000000002e-01	-1.3048999999999999e-01	9.5530000000000004e-01	2.6355122735038167e-01	-1.3110837240257034e-01	9.5569416930734497e-01
1.6799999999999999e+00	6.9932399999999995e-01	7.0640899999999995e-01	-1.0923200000000000e-01	7.0501339975769128e-01	7.0062049419931982e-01	-1.0994102632776655e-01	-6.3470499999999996e-01	7.2117600000000004e-01	2.7758699999999997e-01	-6.5414782263824023e-01	7.0231221411134004e-01	2.8079918099538087e-01	2.7503600000000000e-01	-1.2487100000000000e-01	9.5328999999999997e-01	2.7394658658167481e-01	-1.2604950225180683e-01	9.5344889253820031e-01
1.7000000000000000e+00	6.8742099999999995e-01	7.1626999999999996e-01	-1.2003700000000000e-01	7.0100653709577543e-01	7.0339975799649412e-01	-1.1755260694456184e-01	-6.4024899999999996e-01	7.1564099999999997e-01	2.7917500000000001e-01	-6.5484530215311521e-01	7.0016497500882291e-01	2.8451122652522814e-01	2.8608600000000001e-01	-1.1514400000000000e-01	9.5126100000000002e-01	2.8243134598869230e-01	-1.2246545725782394e-01	9.5143825158632744e-01
1.7200000000000000e+00	7.0055100000000003e-01	7.0196599999999998e-01	-1.2834200000000001e-01	6.9903061901003005e-01	7.0445292739490672e-01	-1.2289128028953368e-01	-6.3460700000000003e-01	7.1945899999999996e-01	2.8222799999999998e-01	-6.5414293884335328e-01	6.9936279378960353e-01	2.8807759063172805e-01	2.9053699999999999e-01	-1.1630300000000000e-01	9.4976899999999997e-01	2.8888269115306181e-01	-1.2098659325539704e-01	9.4968891485823803e-01
1.7400000000000000e+00	7.1088600000000002e-01	6.9338999999999995e-01	-1.1769100000000000e-01	6.9862024011217361e-01	7.0428321240699610e-01	-1.2615433733047343e-01	-6.3422599999999996e-01	7.1583699999999995e-01	2.9212100000000002e-01	-6.5246140877916881e-01	6.9945561077816354e-01	2.9164354716819701e-01	2.8681800000000002e-01	-1.3303000000000001e-01	9.4870299999999996e-01	2.9363901334718989e-01	-1.2143724829156863e-01	9.4817146369623495e-01
1.7600000000000000e+00	6.9623299999999999e-01	7.0618099999999995e-01	-1.2872100000000000e-01	6.9870101364266146e-01	7.0393729319374720e-01	-1.2762907500165496e-01	-6.3318500000000000e-01	7.1617900000000001e-01	2.9353600000000002e-01	-6.5078300652655696e-01	6.9948307330866744e-01	2.9530477234700581e-01	2.9958699999999999e-01	-1.2291100000000001e-01	9.4611900000000004e-01	2.9715041973884693e-01	-1.2327091062258784e-01	9.4683996041744301e-01
1.7800000000000000e+00	6.9540100000000005e-01	7.0723100000000005e-01	-1.2744300000000000e-01	6.9873491481454508e-01	7.0396321041244225e-01	-1.2730010685352103e-01	-6.3337600000000005e-01	7.1652199999999999e-01	2.9228399999999999e-01	-6.4965483744358488e-01	6.9891772112827422e-01	2.9910301115002058e-01	2.9815399999999997e-01	-1.2258700000000000e-01	9.4661300000000004e-01	2.9952981655464572e-01	-1.2629258679220837e-01	9.4569131936170014e-01
1.8000000000000000e+00	7.0527799999999996e-01	6.9755199999999995e-01	-1.2651200000000001e-01	6.9915985499646793e-01	7.0397902423020908e-01	-1.2485603952232605e-01	-6.3376200000000005e-01	7.1206599999999998e-01	3.0217200000000000e-01	-6.4877028222771260e-01	6.9806604294471297e-01	3.0298666733980967e-01	3.0088500000000001e-01	-1.3294500000000001e-01	9.4434799999999997e-01	3.0045401987574100e-01	-1.3083322640443049e-01	9.4478042359540615e-01
1.8200000000000001e+00	6.9156099999999998e-01	7.1159600000000001e-01	-1.2399200000000000e-01	7.0070629249810967e-01	7.0326255820683314e-01	-1.2013519833060633e-01	-6.3261999999999996e-01	7.1249099999999999e-01	3.0356000000000000e-01	-6.4752916246919090e-01	6.9757578017478172e-01	3.0674747703199279e-01	3.0451099999999998e-01	-1.3155700000000001e-01	9.4338000000000000e-01	2.9952742012293587e-01	-1.3714884300614905e-01	9.4417875397435902e-01
1.8400000000000001e+00	7.0049899999999998e-01	7.0494100000000004e-01	-1.1117299999999999e-01	7.0335014865451506e-01	7.0171316939752393e-01	-1.1356582356392841e-01	-6.3061000000000000e-01	7.1452099999999996e-01	3.0297099999999999e-01	-6.4592941822058914e-01	6.9761069772498807e-01	3.1002338798365964e-01	2.9312899999999997e-01	-1.4218000000000000e-01	9.4544200000000000e-01	2.9677222758351707e-01	-1.4469948968029309e-01	9.4392176721451881e-01
1.8600000000000001e+00	7.0797900000000002e-01	6.9821200000000005e-01	-1.0614000000000000e-01	7.0600145685018689e-01	7.0021518136300376e-01	-1.0611617555391491e-01	-6.3151299999999999e-01	7.0865900000000004e-01	3.1463300000000000e-01	-6.4486035472774716e-01	6.9753448175304145e-01	3.1241121885412504e-01	2.9492800000000002e-01	-1.5574099999999999e-01	9.4274199999999997e-01	2.9277476979039302e-01	-1.5213266103730541e-01	9.4400137056038791e-01
1.8800000000000001e+00	7.2096199999999999e-01	6.8652199999999997e-01	-9.4341999999999995e-02	7.0725079292358306e-01	7.0003713790688926e-01	-9.8713329698142255e-02	-6.3098299999999996e-01	7.0848400000000000e-01	3.1608700000000001e-01	-6.4551213485557113e-01	6.9638803662023441e-01	3.1362044927972743e-01	2.8384100000000001e-01	-1.6835900000000001e-01	9.4397600000000004e-01	2.8828874355958822e-01	-1.5808765923798790e-01	9.4440345845061779e-01
1.9000000000000001e+00	7.0032200000000000e-01	7.0809999999999995e-01	-9.0237999999999999e-02	7.0649065079127427e-01	7.0177229069446967e-01	-9.1578449200445222e-02	-6.3115200000000005e-01	7.1128000000000002e-01	3.0939800000000001e-01	-6.4843577742724856e-01	6.9370936597829758e-01	3.1352568970709177e-01	2.8343000000000002e-01	-1.5981500000000001e-01	9.4558299999999995e-01	2.8355246938942591e-01	-1.6212022565807391e-01	9.4515344232337928e-01
1.9199999999999999e+00	6.9801599999999997e-01	7.1033999999999997e-01	-9.0499999999999997e-02	7.0447599950785011e-01	7.0473606358186247e-01	-8.4027654998558340e-02	-6.3750799999999996e-01	7.0957499999999996e-01	3.0014400000000002e-01	-6.5307190674394477e-01	6.9003298679732694e-01	3.1201211795920425e-01	2.7756199999999998e-01	-1.5188800000000000e-01	9.4862500000000005e-01	2.7786804555263989e-01	-1.6492894778874076e-01	9.4635500286206276e-01
1.9399999999999999e+00	7.1231299999999997e-01	6.9860100000000003e-01	-6.7577999999999999e-02	7.0288698931390436e-01	7.0734276119833595e-01	-7.4940632727172829e-02	-6.3402999999999998e-01	7.0681200000000000e-01	3.1372499999999998e-01	-6.5812993057018732e-01	6.8669356032420692e-01	3.0873443069561379e-01	2.6699200000000001e-01	-1.8066299999999999e-01	9.4661300000000004e-01	2.6984231458560287e-01	-1.6768474107556211e-01	9.4819141151431341e-01
1.9600000000000000e+00	6.9959700000000002e-01	7.1099299999999999e-01	-7.1087999999999998e-02	7.0318532383612098e-01	7.0815924699709498e-01	-6.3567926142019601e-02	-6.3870300000000002e-01	7.0694999999999997e-01	3.0377599999999999e-01	-6.6247933300393391e-01	6.8503155551463646e-01	3.0307243571770226e-01	2.6639400000000002e-01	-1.6721500000000000e-01	9.4924900000000001e-01	2.5816958318933070e-01	-1.7100365154494590e-01	9.5084500181372467e-01
1.9800000000000000e+00	6.8917300000000004e-01	7.2232300000000005e-01	-5.7362999999999997e-02	7.0560070153457921e-01	7.0683976843964391e-01	-5.0051890534725550e-02	-6.4422800000000002e-01	7.0932700000000004e-01	2.8605199999999997e-01	-6.6587285793518058e-01	6.8554817622421571e-01	2.9434169793096993e-01	2.4764600000000001e-01	-1.6040099999999999e-01	9.5548100000000002e-01	2.4236539988031361e-01	-1.7435951315555509e-01	9.5438869079270494e-01
2.0000000000000000e+00	7.1964200000000000e-01	6.9391300000000000e-01	-2.4500000000000001e-02	7.0903016831035659e-01	7.0429578252533898e-01	-3.5265721923817689e-02	-6.4641999999999999e-01	7.0830800000000005e-01	2.8362100000000001e-01	-6.6903442382212353e-01	6.8765244228108979e-01	2.8200542258235406e-01	2.1420200000000000e-01	-1.8830300000000000e-01	9.5846699999999996e-01	2.2286578958374692e-01	-1.7635637029002710e-01	9.5876444995178045e-01
2.0200000000000000e+00	7.1987000000000001e-01	6.9399100000000002e-01	-1.2798000000000000e-02	7.1189337883826354e-01	7.0199846885095629e-01	-2.0148620229522234e-02	-6.5169699999999997e-01	7.0986800000000005e-01	2.6716600000000001e-01	-6.7307682756215814e-01	6.9019058067621930e-01	2.6571516054731276e-01	1.9453500000000001e-01	-1.8402199999999999e-01	9.6347899999999997e-01	2.0043802375073816e-01	-1.7559929406673661e-01	9.6384100688763097e-01
2.0400000000000000e+00	7.1306000000000003e-01	7.0092800000000000e-01	-1.5675999999999999e-02	7.1321192935536837e-01	7.0092978766753833e-01	-5.1163058482455552e-03	-6.5574900000000003e-01	7.1444799999999997e-01	2.4404300000000001e-01	-6.7863010360530251e-01	6.9231191769960909e-01	2.4528634509842950e-01	1.8233500000000000e-01	-1.6380800000000001e-01	9.6949500000000000e-01	1.7547058530092532e-01	-1.7146906826430630e-01	9.6943717296311738e-01
2.0600000000000001e+00	7.0796099999999995e-01	7.0617099999999999e-01	1.0673999999999999e-02	7.1309684648925209e-01	7.0099427969475636e-01	9.9953670424807010e-03	-6.6194900000000001e-01	7.1556200000000003e-01	2.2314600000000001e-01	-6.8530745514000369e-01	6.9399159033968572e-01	2.2074728643253128e-01	1.5005599999999999e-01	-1.6517000000000001e-01	9.7478299999999996e-01	1.4780588437750425e-01	-1.6426409337717041e-01	9.7527982044660400e-01
2.0800000000000001e+00	7.0742200000000000e-01	7.0637899999999998e-01	2.4135000000000000e-02	7.1239359669165347e-01	7.0131678904090833e-01	2.5497545020640555e-02	-6.6928399999999999e-01	7.1856699999999996e-01	1.8899600000000000e-01	-6.9192098702155824e-01	6.9585281717157810e-01	1.9244273058105077e-01	1.1624700000000000e-01	-1.4996599999999999e-01	9.8183299999999996e-01	1.1722077935179530e-01	-1.5473725551310588e-01	9.8097689608085548e-01
2.1000000000000001e+00	7.1772899999999995e-01	6.9499000000000000e-01	4.3068000000000002e-02	7.1187239067168651e-01	7.0108992651572510e-01	4.1359573710968156e-02	-6.7264299999999999e-01	7.2065800000000002e-01	1.6793900000000000e-01	-6.9726250039978888e-01	6.9848369280483602e-01	1.6107618204425486e-01	8.5706000000000004e-02	-1.4955199999999999e-01	9.8503200000000002e-01	8.4039900854369340e-02	-1.4350416657329051e-01	9.8607497140962508e-01
2.1200000000000001e+00	7.1295600000000003e-01	6.9872599999999996e-01	5.8964000000000003e-02	7.1161068119325066e-01	7.0025352030208143e-01	5.7054760679719915e-02	-6.7915400000000004e-01	7.2270100000000004e-01	1.2826699999999999e-01	-7.0084147548208253e-01	7.0181175853836220e-01	1.2759890995376436e-01	4.7029000000000001e-02	-1.3154700000000000e-01	9.9019400000000002e-01	4.9309883956212150e-02	-1.3078708988976653e-01	9.9018345394295038e-01
2.1400000000000001e+00	7.0304900000000004e-01	7.0784700000000000e-01	6.8365999999999996e-02	7.1097901233276961e-01	6.9953857078241422e-01	7.1795765961625943e-02	-6.8263200000000002e-01	7.2520399999999996e-01	8.9955999999999994e-02	-7.0306507966569598e-01	7.0501917126979152e-01	9.2991730259872257e-02	1.4107000000000000e-02	-1.0999900000000000e-01	9.9383200000000005e-01	1.4433910661629409e-02	-1.1659226445074951e-01	9.9307497506142939e-01
2.1600000000000001e+00	7.1327499999999999e-01	6.9537000000000004e-01	8.7747000000000006e-02	7.0915550734651900e-01	6.9991726838212431e-01	8.4936940259269830e-02	-6.8298499999999995e-01	7.2758800000000001e-01	6.4401000000000000e-02	-7.0478579684906317e-01	7.0703565087624853e-01	5.8116855987146825e-02	-1.9067000000000001e-02	-1.0589700000000001e-01	9.9419400000000002e-01	-1.9376453750168752e-02	-1.0107623761550041e-01	9.9468997543433724e-01
2.1800000000000002e+00	7.1298700000000004e-01	6.9408000000000003e-01	9.9512000000000003e-02	7.0576265756474577e-01	7.0187497180575709e-01	9.6283929810821872e-02	-6.8489699999999998e-01	7.2810600000000003e-01	2.7879000000000001e-02	-7.0657889906384841e-01	7.0723592994429951e-01	2.3740235751609884e-02	-5.3115999999999997e-02	-8.8050000000000003e-02	9.9469900000000000e-01	-5.1432777339625035e-02	-8.4787164998541137e-02	9.9507075430174452e-01
2.2000000000000002e+00	6.9702399999999998e-01	7.0945199999999997e-01	1.0409499999999999e-01	7.0120093807323780e-01	7.0501453328513430e-01	1.0616850899374793e-01	-6.8426299999999995e-01	7.2918700000000003e-01	-8.3520000000000000e-03	-7.0828316395459234e-01	7.0586597998072576e-01	-9.3903122590043436e-03	-8.1893999999999995e-02	-6.5458000000000002e-02	9.9448899999999996e-01	-8.1561045258648004e-02	-6.8612871697618913e-02	9.9430381158563541e-01
2.2200000000000002e+00	6.9621100000000002e-01	7.0899299999999998e-01	1.1233300000000000e-01	6.9644922145528165e-01	7.0828977115810632e-01	1.1525659203329565e-01	-6.8123999999999996e-01	7.3106099999999996e-01	-3.8245000000000001e-02	-7.0914360556659228e-01	7.0389449013826166e-01	-4.0594253743726577e-02	-1.0932500000000001e-01	-4.9938999999999997e-02	9.9275100000000005e-01	-1.0988097477882847e-01	-5.3461638824432521e-02	9.9250593174845070e-01
2.2400000000000002e+00	6.8998999999999999e-01	7.1326199999999995e-01	1.2317100000000000e-01	6.9243330032313799e-01	7.1071948196928802e-01	1.2415289989731937e-01	-6.8205099999999996e-01	7.2846699999999998e-01	-6.4357999999999999e-02	-7.0843921515944330e-01	7.0234545998905129e-01	-6.9460299862871416e-02	-1.3574500000000000e-01	-3.9635999999999998e-02	9.8995100000000003e-01	-1.3656501392332879e-01	-3.9858158287542987e-02	9.8982893683203987e-01
2.2600000000000002e+00	6.8317300000000003e-01	7.1784400000000004e-01	1.3406599999999999e-01	6.8941092633807377e-01	7.1205333771358259e-01	1.3301360417876659e-01	-6.8512600000000001e-01	7.2297599999999995e-01	-8.8930999999999996e-02	-7.0609082358964936e-01	7.0157839194430838e-01	-9.6039100367137781e-02	-1.6088700000000000e-01	-3.1119999999999998e-02	9.8648199999999997e-01	-1.6170443249388605e-01	-2.7709280174429234e-02	9.8645013675504423e-01
2.2800000000000002e+00	6.9475299999999995e-01	7.0521500000000004e-01	1.4138500000000001e-01	6.8686334224260048e-01	7.1288849515259456e-01	1.4145226248594719e-01	-6.8502099999999999e-01	7.1827600000000003e-01	-1.2176400000000000e-01	-7.0276595857502688e-01	7.0108525236716646e-01	-1.2082829296729271e-01	-1.8744000000000000e-01	-1.2257000000000001e-02	9.8219999999999996e-01	-1.8530719508817711e-01	-1.6415309693560226e-02	9.8254352629093067e-01
2.3000000000000003e+00	6.8789500000000003e-01	7.0952599999999999e-01	1.5288199999999999e-01	6.8395876458491889e-01	7.1417715498440515e-01	1.4883346278929524e-01	-6.7549800000000004e-01	7.2431999999999996e-01	-1.3806800000000000e-01	-6.9942874435973001e-01	6.9994511037809992e-01	-1.4448624163276202e-01	-2.0878099999999999e-01	-8.2990000000000008e-03	9.7792699999999999e-01	-2.0736402752368338e-01	-5.2757706707653937e-03	9.7824962373260660e-01
2.3199999999999998e+00	6.7222099999999996e-01	7.2458500000000003e-01	1.5196999999999999e-01	6.8015335492136608e-01	7.1655530633979725e-01	1.5472526214387047e-01	-6.7469800000000002e-01	7.2108099999999997e-01	-1.5756100000000001e-01	-6.9674359628127003e-01	6.9750376078877829e-01	-1.6744212351303076e-01	-2.2397600000000001e-01	3.3850000000000000e-03	9.7458900000000004e-01	-2.2790299434244518e-01	6.0824864808630610e-03	9.7366484404437514e-01
2.3399999999999999e+00	6.7932800000000004e-01	7.1602399999999999e-01	1.6069500000000000e-01	6.7544085681290944e-01	7.2003033913988468e-01	1.5917273530961679e-01	-6.7466800000000005e-01	7.1395900000000001e-01	-1.8731200000000001e-01	-6.9481010364336271e-01	6.9372077921105668e-01	-1.8971136066641714e-01	-2.4891500000000000e-01	1.8835000000000001e-02	9.6834200000000004e-01	-2.4701936932747195e-01	1.7543979277995305e-02	9.6885171206338427e-01
2.3599999999999999e+00	6.7058799999999996e-01	7.2401000000000004e-01	1.6162099999999999e-01	6.7015313205963800e-01	7.2418226106572192e-01	1.6264941545666919e-01	-6.7086699999999999e-01	7.1198300000000003e-01	-2.0740500000000001e-01	-6.9333462675362723e-01	6.8901210831788129e-01	-2.1106731138610024e-01	-2.6537100000000002e-01	3.0672999999999999e-02	9.6365800000000001e-01	-2.6491861945711942e-01	2.8676948043456590e-02	9.6384426009384261e-01
2.3799999999999999e+00	6.6393100000000005e-01	7.2926100000000005e-01	1.6544800000000001e-01	6.6461185744429396e-01	7.2855937991971709e-01	1.6580804828307566e-01	-6.6845699999999997e-01	7.0798700000000003e-01	-2.2785800000000000e-01	-6.9194773484234806e-01	6.8386924979382335e-01	-2.3136806485117406e-01	-2.8347499999999998e-01	4.0711999999999998e-02	9.5811500000000005e-01	-2.8195639945032125e-01	3.9039455905925786e-02	9.5863262498810276e-01
2.3999999999999999e+00	6.5561400000000003e-01	7.3564900000000000e-01	1.7026800000000000e-01	6.5898132434832646e-01	7.3287111321261078e-01	1.6924404148635327e-01	-6.6788899999999995e-01	7.0450500000000005e-01	-2.3999400000000001e-01	-6.9035873822392024e-01	6.7864675404908592e-01	-2.5068585077047395e-01	-2.9673800000000000e-01	4.3658000000000002e-02	9.5396000000000003e-01	-2.9857733791767010e-01	4.8358191003678171e-02	9.5315951374617736e-01
2.4199999999999999e+00	6.5892799999999996e-01	7.3214400000000002e-01	1.7256500000000000e-01	6.5339001343534009e-01	7.3690253324376565e-01	1.7336708696256981e-01	-6.6752400000000001e-01	6.9587100000000002e-01	-2.6490700000000000e-01	-6.8832411231789670e-01	6.7363276841689212e-01	-2.6912601085137378e-01	-3.1412299999999999e-01	5.9380000000000002e-02	9.4752400000000003e-01	-3.1510538990113440e-01	5.6511501607328096e-02	9.4737270566622256e-01
2.4399999999999999e+00	6.4723399999999998e-01	7.4168900000000004e-01	1.7602699999999999e-01	6.4808629544680119e-01	7.4039553636696298e-01	1.7832162903562351e-01	-6.6472299999999995e-01	6.9295600000000002e-01	-2.7920400000000001e-01	-6.8562282823130893e-01	6.6916755235608316e-01	-2.8659400601176088e-01	-3.2925800000000000e-01	6.3739000000000004e-02	9.4208599999999998e-01	-3.3151997083455204e-01	6.3476268019201851e-02	9.4131040169341174e-01
2.4600000000000000e+00	6.3999399999999995e-01	7.4616000000000005e-01	1.8344800000000000e-01	6.4336898967348033e-01	7.4314339969774912e-01	1.8388646119874238e-01	-6.6143700000000005e-01	6.8813400000000002e-01	-2.9828300000000002e-01	-6.8217150339986821e-01	6.6552291984662248e-01	-3.0285521806300419e-01	-3.4902300000000003e-01	6.9603999999999999e-02	9.3452599999999997e-01	-3.4744551094479381e-01	6.9405551971709001e-02	9.3512805875976890e-01
2.4800000000000000e+00	6.3907199999999997e-01	7.4507500000000004e-01	1.9091800000000000e-01	6.3930453490976713e-01	7.4526088628495768e-01	1.8940940583182683e-01	-6.5889299999999995e-01	6.8253299999999995e-01	-3.1624300000000000e-01	-6.7819022119829064e-01	6.6256597748866841e-01	-3.1790619582747842e-01	-3.6606699999999998e-01	7.6336000000000001e-02	9.2745299999999997e-01	-3.6241928137837809e-01	7.4783265830296000e-02	9.2901007940545799e-01
2.5000000000000000e+00	6.3590500000000005e-01	7.4708399999999997e-01	1.9362399999999999e-01	6.3553567671858213e-01	7.4731886902357425e-01	1.9393017201864168e-01	-6.5818800000000000e-01	6.7784800000000001e-01	-3.2758500000000002e-01	-6.7420642046112456e-01	6.5958161821768835e-01	-3.3226163112573398e-01	-3.7609300000000001e-01	8.0895999999999996e-02	9.2304399999999998e-01	-3.7621816307410183e-01	8.0415153489014665e-02	9.2303482971255579e-01
2.5200000000000000e+00	6.3134000000000001e-01	7.5007599999999996e-01	1.9696700000000000e-01	6.3147785870876372e-01	7.5006821497502807e-01	1.9655377596161783e-01	-6.5937400000000002e-01	6.7290600000000000e-01	-3.3529700000000001e-01	-6.7079648945468173e-01	6.5559930563758961e-01	-3.4672989513854335e-01	-3.8413500000000000e-01	8.1832000000000002e-02	9.1964400000000002e-01	-3.8893159256592885e-01	8.7104668828286241e-02	9.1713957115176570e-01
2.5400000000000000e+00	6.3130500000000001e-01	7.4905299999999997e-01	2.0093200000000000e-01	6.2684373633905288e-01	7.5385611808513264e-01	1.9689561558884638e-01	-6.5444899999999995e-01	6.6646000000000005e-01	-3.5710999999999998e-01	-6.6821962612665287e-01	6.5011042221182558e-01	-3.6171669879992913e-01	-4.0144900000000000e-01	9.3954999999999997e-02	9.1105000000000003e-01	-4.0068623818600591e-01	9.5170332337219263e-02	9.1125909947235684e-01
2.5600000000000001e+00	6.2588999999999995e-01	7.5483900000000004e-01	1.9616200000000000e-01	6.2205871502507115e-01	7.5822918707098153e-01	1.9527277059292142e-01	-6.5100400000000003e-01	6.5952999999999995e-01	-3.7578400000000001e-01	-6.6627093963642681e-01	6.4361100167299112e-01	-3.7662702176222274e-01	-4.1308899999999998e-01	1.0751200000000000e-01	9.0432199999999996e-01	-4.1124930402050541e-01	1.0417954885277364e-01	9.0554990560624682e-01
2.5800000000000001e+00	6.0850099999999996e-01	7.7152200000000004e-01	1.8568799999999999e-01	6.1813815087522395e-01	7.6215267832906342e-01	1.9242796404991241e-01	-6.4897400000000005e-01	6.5820500000000004e-01	-3.8157500000000000e-01	-6.6455080325065596e-01	6.3743100490990090e-01	-3.8994094921983002e-01	-4.1698299999999999e-01	1.1178100000000001e-01	9.0201399999999998e-01	-4.1985408933517260e-01	1.1315921922401763e-01	9.0050959726875957e-01
2.6000000000000001e+00	6.1840600000000001e-01	7.6288800000000001e-01	1.8861600000000001e-01	6.1606048449780715e-01	7.6471275778645309e-01	1.8890176684976945e-01	-6.4530299999999996e-01	6.5400999999999998e-01	-3.9478500000000000e-01	-6.6294990174477020e-01	6.3287733676528513e-01	-3.9995462790856628e-01	-4.2467100000000002e-01	1.2246200000000000e-01	8.9702700000000002e-01	-4.2540205361155331e-01	1.2116383407402337e-01	8.9685696635280476e-01
2.6200000000000001e+00	6.1175700000000000e-01	7.6968999999999999e-01	1.8256700000000001e-01	6.1615603644134598e-01	7.6570426543599979e-01	1.8452294342440609e-01	-6.4806600000000003e-01	6.4330200000000004e-01	-4.0764400000000001e-01	-6.6190843249698761e-01	6.3037406410083108e-01	-4.0559310435260332e-01	-4.3133199999999999e-01	1.3110300000000000e-01	8.9261699999999999e-01	-4.2688284780050761e-01	1.2777134734406237e-01	8.9523489490279107e-01
2.6400000000000001e+00	6.2191399999999997e-01	7.6098699999999997e-01	1.8472100000000000e-01	6.1799864378149749e-01	7.6565323669032481e-01	1.7847352024840871e-01	-6.5341700000000003e-01	6.3910699999999998e-01	-4.0569499999999997e-01	-6.6224185313218487e-01	6.2932579641925390e-01	-4.0667526347359884e-01	-4.2679000000000000e-01	1.3160900000000000e-01	8.9472300000000005e-01	-4.2369022203052925e-01	1.3313212650183662e-01	8.9597010700626578e-01
2.6600000000000001e+00	6.2638199999999999e-01	7.6036000000000004e-01	1.7175000000000001e-01	6.2077950030967011e-01	7.6536514662619626e-01	1.6984994649730570e-01	-6.5671000000000002e-01	6.4368199999999998e-01	-3.9294499999999999e-01	-6.6475196227824784e-01	6.2871927826962115e-01	-4.0350575928894228e-01	-4.0935500000000002e-01	1.3335100000000000e-01	9.0257699999999996e-01	-4.1561718039861573e-01	1.3758001839652423e-01	8.9907402247841450e-01
2.6800000000000002e+00	6.1539600000000005e-01	7.7314600000000000e-01	1.5340300000000001e-01	6.2374682984000696e-01	7.6545695532090097e-01	1.5816302290800310e-01	-6.6416200000000003e-01	6.3426600000000000e-01	-3.9572000000000002e-01	-6.6997026667508430e-01	6.2780850549043965e-01	-3.9622761413760316e-01	-4.0333700000000000e-01	1.4167099999999999e-01	9.0401799999999999e-01	-4.0259127416755813e-01	1.4118119557758721e-01	9.0442696553089652e-01
2.7000000000000002e+00	6.2934900000000005e-01	7.6371000000000000e-01	1.4376200000000000e-01	6.2638207840770432e-01	7.6621357273772217e-01	1.4339544205496935e-01	-6.7096900000000004e-01	6.3411799999999996e-01	-3.8431100000000001e-01	-6.7812741067280369e-01	6.2633241172435394e-01	-3.8451388130697339e-01	-3.8467299999999999e-01	1.4540900000000001e-01	9.1152800000000000e-01	-3.8443296781603320e-01	1.4361222432665688e-01	9.1191382393300013e-01
2.7200000000000002e+00	6.2638199999999999e-01	7.6941800000000005e-01	1.2506500000000001e-01	6.2835783992151195e-01	7.6768629032589519e-01	1.2579421550626654e-01	-6.8315599999999999e-01	6.2816899999999998e-01	-3.7242599999999998e-01	-6.8914899837301091e-01	6.2434143832741629e-01	-3.6779264053095051e-01	-3.6512699999999998e-01	1.4784800000000001e-01	9.1914300000000004e-01	-3.6088790926082226e-01	1.4441443152579489e-01	9.2136007560368827e-01
2.7400000000000002e+00	6.3844299999999998e-01	7.6121399999999995e-01	1.1376799999999999e-01	6.2954339013563132e-01	7.6972761179491478e-01	1.0580417561246597e-01	-6.9998000000000005e-01	6.2521899999999997e-01	-3.4515200000000001e-01	-7.0249763275169463e-01	6.2207777766319783e-01	-3.4571131673100119e-01	-3.3388200000000001e-01	1.4073200000000000e-01	9.3205000000000005e-01	-3.3192197263031836e-01	1.4331309144008553e-01	9.3235677822767182e-01
2.7600000000000002e+00	6.2355400000000005e-01	7.7786599999999995e-01	7.8134999999999996e-02	6.3016840748015390e-01	7.7187696078317414e-01	8.4224317308346175e-02	-7.0748400000000000e-01	6.3452299999999995e-01	-3.1120199999999998e-01	-7.1698463585542715e-01	6.2010129723693896e-01	-3.1844530631228635e-01	-2.9176700000000000e-01	1.3882600000000000e-01	9.4636100000000001e-01	-2.9802820363379556e-01	1.4028663007284675e-01	9.4419216860849731e-01
2.7800000000000002e+00	6.3175999999999999e-01	7.7237900000000004e-01	6.5650000000000000e-02	6.3091765241316256e-01	7.7334909588153888e-01	6.2242202504972574e-02	-7.2018300000000002e-01	6.3021799999999994e-01	-2.9010599999999998e-01	-7.3088302318818954e-01	6.1935011808806539e-01	-2.8673234494837074e-01	-2.6546700000000001e-01	1.3600799999999999e-01	9.5447899999999997e-01	-2.6029391519733214e-01	1.3541272880902139e-01	9.5598664770368957e-01
2.8000000000000003e+00	6.2804199999999999e-01	7.7728399999999997e-01	3.7325999999999998e-02	6.3261890548980626e-01	7.7337533944689618e-01	4.1035408518471296e-02	-7.3334600000000005e-01	6.3112599999999996e-01	-2.5275199999999998e-01	-7.4250504953518315e-01	6.2072579390851734e-01	-2.5176524818051482e-01	-2.2006400000000001e-01	1.3139400000000001e-01	9.6659600000000001e-01	-2.2018077080352608e-01	1.2880245770962268e-01	9.6691796707700395e-01
2.8199999999999998e+00	6.4011899999999999e-01	7.6796500000000001e-01	2.1836000000000001e-02	6.3553863208901129e-01	7.7177974298181518e-01	2.1134697664065338e-02	-7.4369799999999997e-01	6.3459500000000002e-01	-2.1024300000000001e-01	-7.5099253350187567e-01	6.2431001081445980e-01	-2.1505167988481982e-01	-1.7532000000000000e-01	1.1834400000000000e-01	9.7737300000000005e-01	-1.7916713355652686e-01	1.2080165031890976e-01	9.7637395475983768e-01
2.8399999999999999e+00	6.3341099999999995e-01	7.7381400000000000e-01	-1.6100000000000001e-03	6.3884740316531652e-01	7.6933048016027961e-01	2.1465705870407793e-03	-7.4721099999999996e-01	6.3903500000000002e-01	-1.8251200000000001e-01	-7.5677483597815653e-01	6.2891846751511105e-01	-1.7819486201537471e-01	-1.4023300000000000e-01	1.1683499999999999e-01	9.8320099999999999e-01	-1.3844075664039768e-01	1.1221485425200071e-01	9.8399287771103117e-01
2.8599999999999999e+00	6.3743200000000000e-01	7.7025100000000002e-01	-1.9835999999999999e-02	6.4090519491936071e-01	7.6743644898399677e-01	-1.6787730525882859e-02	-7.5780800000000004e-01	6.3729800000000003e-01	-1.3991799999999999e-01	-7.6124108474589325e-01	6.3261365508587997e-01	-1.4252008382603126e-01	-9.5135999999999998e-02	1.0422600000000000e-01	9.8999300000000001e-01	-9.8754959471775414e-02	1.0412137230039101e-01	9.8964953281957913e-01
2.8799999999999999e+00	6.5472600000000003e-01	7.5549999999999995e-01	-2.3529000000000001e-02	6.4035257297564896e-01	7.6723191080360098e-01	-3.6107856875217594e-02	-7.6700900000000005e-01	6.3333700000000004e-01	-1.0286200000000000e-01	-7.6569614140077602e-01	6.3395667111513632e-01	-1.0866626980152411e-01	-6.2825000000000006e-02	8.5412000000000002e-02	9.9436300000000000e-01	-6.0481413074008269e-02	9.7232372146677640e-02	9.9342229916551661e-01
2.8999999999999999e+00	6.4140900000000001e-01	7.6530699999999996e-01	-5.3858000000000003e-02	6.3716757615876796e-01	7.6874037523992689e-01	-5.5278525377734006e-02	-7.7047600000000005e-01	6.3252200000000003e-01	-7.9261999999999999e-02	-7.7035707570768996e-01	6.3300620986118794e-01	-7.6505648054701919e-02	-2.6594000000000000e-02	9.2337000000000002e-02	9.9537299999999995e-01	-2.3821330757470463e-02	9.1331121492894698e-02	9.9553561987896411e-01
2.9199999999999999e+00	6.2510299999999996e-01	7.7619099999999996e-01	-8.2303000000000001e-02	6.3271979819417923e-01	7.7092679385230456e-01	-7.3058438894651162e-02	-7.7517599999999998e-01	6.2990400000000002e-01	-4.8190999999999998e-02	-7.7430336930262311e-01	6.3116895009086527e-01	-4.5607551214685300e-02	1.4437999999999999e-02	9.3926999999999997e-02	9.9547399999999997e-01	1.0952134939022501e-02	8.5426195992804585e-02	9.9628430469343243e-01
2.9399999999999999e+00	6.1341400000000001e-01	7.8445100000000001e-01	-9.1430999999999998e-02	6.2864171365177435e-01	7.7265824441867692e-01	-8.8367602597382119e-02	-7.7356199999999997e-01	6.3348300000000002e-01	-1.7314000000000000e-02	-7.7648358213032465e-01	6.2993720917421148e-01	-1.5885816940449757e-02	4.4351000000000002e-02	8.1372000000000000e-02	9.9569700000000005e-01	4.3391733533246303e-02	7.8602479793286953e-02	9.9596124805703445e-01
2.9600000000000000e+00	6.3281900000000002e-01	7.6832100000000003e-01	-9.6038999999999999e-02	6.2546233886631486e-01	7.7369389773396857e-01	-1.0096838747399320e-01	-7.7723500000000001e-01	6.2911200000000000e-01	1.1107000000000001e-02	-7.7683207259842679e-01	6.2958985016848434e-01	1.2188172433060210e-02	6.8956000000000003e-02	6.7618999999999999e-02	9.9532500000000002e-01	7.2998586577492919e-02	7.0812238871855393e-02	9.9481497434630706e-01
2.9800000000000000e+00	6.2500199999999995e-01	7.7205999999999997e-01	-1.1530799999999999e-01	6.2229650830578764e-01	7.7481839334111136e-01	-1.1137106038250533e-01	-7.7617100000000006e-01	6.2931800000000004e-01	3.8956999999999999e-02	-7.7643507807889034e-01	6.2905244570883989e-01	3.7968277237118812e-02	1.0264300000000000e-01	6.5151000000000001e-02	9.9258199999999996e-01	9.9476757481596137e-02	6.2844871612774189e-02	9.9305332023659321e-01
3.0000000000000000e+00	6.3289200000000001e-01	7.6606300000000005e-01	-1.1222799999999999e-01	6.1787144912123526e-01	7.7704094200514118e-01	-1.2017589944987972e-01	-7.7476199999999995e-01	6.2779499999999999e-01	7.4951000000000004e-02	-7.7661322023730772e-01	6.2699738198307131e-01	6.1206120110765698e-02	1.2789400000000001e-01	3.9520000000000000e-02	9.9099999999999999e-01	1.2290963555988459e-01	5.5512678138758799e-02	9.9086404922794469e-01
3.0200000000000000e+00	5.9438800000000003e-01	7.9313900000000004e-01	-1.3279299999999999e-01	6.1185625278661382e-01	7.8061842655722624e-01	-1.2754135817547108e-01	-7.7573599999999998e-01	6.2740899999999999e-01	6.7765000000000006e-02	-7.7780492345392827e-01	6.2309563910164933e-01	8.2288064646921483e-02	1.3711499999999999e-01	6.2757999999999994e-02	9.8856500000000003e-01	1.4370604363335668e-01	4.8853829448954326e-02	9.8841381838348463e-01
3.0400000000000000e+00	6.0939100000000002e-01	7.8149599999999997e-01	-1.3381899999999999e-01	6.0528888872332520e-01	7.8478497768363709e-01	-1.3318370767543275e-01	-7.7613799999999999e-01	6.2231199999999998e-01	1.0167600000000000e-01	-7.7927105163734078e-01	6.1833827031349831e-01	1.0195298693880180e-01	1.6273599999999999e-01	4.1901000000000001e-02	9.8577999999999999e-01	1.6236375601751341e-01	4.2075197774983621e-02	9.8583349936187559e-01
3.0600000000000001e+00	6.0515699999999994e-01	7.8469000000000000e-01	-1.3433700000000001e-01	5.9984226335343660e-01	7.8834251350421125e-01	-1.3676746870834849e-01	-7.7802199999999999e-01	6.1580199999999996e-01	1.2438000000000000e-01	-7.7977966296245116e-01	6.1428644493465778e-01	1.2081324761674901e-01	1.8032599999999999e-01	2.9248000000000000e-02	9.8317200000000005e-01	1.7925662142635801e-01	3.4179598760113672e-02	9.8320843095622668e-01
3.0800000000000001e+00	5.8276600000000001e-01	7.9976800000000003e-01	-1.4406500000000000e-01	5.9665519018383817e-01	7.9049518233032934e-01	-1.3827491001344897e-01	-7.7487200000000001e-01	6.1780199999999996e-01	1.3377000000000000e-01	-7.7854041211366387e-01	6.1197299662293647e-01	1.3915415232837861e-01	1.9604199999999999e-01	3.3685000000000000e-02	9.8001700000000003e-01	1.9462119805554132e-01	2.4625558204490850e-02	9.8056930971275191e-01
3.1000000000000001e+00	6.0187599999999997e-01	7.8729600000000000e-01	-1.3383200000000001e-01	5.9564522219623040e-01	7.9128843989062314e-01	-1.3809190479628874e-01	-7.7336300000000002e-01	6.1236800000000002e-01	1.6405700000000001e-01	-7.7565074446799986e-01	6.1129346529934880e-01	1.5711849632857219e-01	2.1111900000000000e-01	4.7590000000000002e-03	9.7744900000000001e-01	2.0874072885050754e-01	1.3524207103475502e-02	9.7787749945541802e-01
3.1200000000000001e+00	5.9337200000000001e-01	7.9285399999999995e-01	-1.3889899999999999e-01	5.9561296053986756e-01	7.9151811013161799e-01	-1.3690976068420413e-01	-7.7749299999999999e-01	6.0608200000000001e-01	1.6783699999999999e-01	-7.7193613701823938e-01	6.1114395420159751e-01	1.7497904905500378e-01	2.1725600000000000e-01	8.4030000000000007e-03	9.7607800000000000e-01	2.2217065873398320e-01	1.4658023425546366e-03	9.7500669219303326e-01
3.1400000000000001e+00	5.9998200000000002e-01	7.8865799999999997e-01	-1.3431399999999999e-01	5.9476905193024243e-01	7.9236318723433552e-01	-1.3568476105239599e-01	-7.7208699999999997e-01	6.0288500000000000e-01	2.0102600000000001e-01	-7.6852151738667385e-01	6.0995696065062488e-01	1.9320244167074149e-01	2.3954200000000000e-01	-1.6910999999999999e-02	9.7073900000000002e-01	2.3584836692181033e-01	-1.0634174612879249e-02	9.7173168217909722e-01
3.1600000000000001e+00	5.8037399999999995e-01	8.0112700000000003e-01	-1.4615500000000001e-01	5.9118150037755091e-01	7.9504384518117011e-01	-1.3568241540777287e-01	-7.7595499999999995e-01	5.9554499999999999e-01	2.0789199999999999e-01	-7.6647299522778400e-01	6.0617013041896506e-01	2.1231326047707061e-01	2.5359199999999998e-01	-7.2459999999999998e-03	9.6728400000000003e-01	2.5104497843593143e-01	-2.1518764541548250e-02	9.6773620453856546e-01
3.1800000000000002e+00	5.9007399999999999e-01	7.9655500000000001e-01	-1.3157900000000000e-01	5.8293534107222833e-01	8.0064239331441855e-01	-1.3841295516231461e-01	-7.7259500000000003e-01	5.8838299999999999e-01	2.3854300000000001e-01	-7.6662132548605122e-01	5.9841103252485961e-01	2.3280029953275710e-01	2.6747700000000002e-01	-3.9107999999999997e-02	9.6277000000000001e-01	2.6921762839571789e-01	-2.9597198858869661e-02	9.6262447214928715e-01
3.2000000000000002e+00	5.6625800000000004e-01	8.1100499999999998e-01	-1.4704500000000001e-01	5.6807801606048036e-01	8.1003688492986625e-01	-1.4535340629619703e-01	-7.6815999999999995e-01	5.8780500000000002e-01	2.5380100000000000e-01	-7.6949129322768828e-01	5.8544163707252395e-01	2.5522781828911789e-01	2.9227100000000000e-01	-3.0762999999999999e-02	9.5584100000000005e-01	2.9183988301047631e-01	-3.3141132071216592e-02	9.5589285385417011e-01
